ID	Len	A	C	G	U	G+C	A+U	AA	AC	AG	AU	CA	CC	CG	CU	GA	GC	GG	GU	UA	UC	UG	UU	%A	%C	%G	%U	%G+C	%A+U	%AA	%AC	%AG	%AU	%CA	%CC	%CG	%CU	%GA	%GC	%GG	%GU	%UA	%UC	%UG	%UU	pb	Npb	mfe	Nmfe	Q	NQ	D	ND	
1	68	16	16	19	17	35	33	6	2	3	5	3	4	4	4	5	7	4	3	2	3	7	5	23.53	23.53	27.94	25.00	51.47	48.53	8.96	2.99	4.48	7.46	4.48	5.97	5.97	5.97	7.46	10.45	5.97	4.48	2.99	4.48	10.45	7.46	22.00	0.3235	-27.10	-0.3985	3.51	0.0517	1.15	0.0169	
2	54	10	12	16	16	28	26	2	2	2	4	2	3	6	1	3	3	4	5	3	4	4	5	18.52	22.22	29.63	29.63	51.85	48.15	3.77	3.77	3.77	7.55	3.77	5.66	11.32	1.89	5.66	5.66	7.55	9.43	5.66	7.55	7.55	9.43	19.00	0.3519	-17.70	-0.3278	7.17	0.1327	3.05	0.0565	
3	56	9	8	19	20	27	29	1	2	3	3	4	0	2	2	0	4	6	8	4	2	8	6	16.07	14.29	33.93	35.71	48.21	51.79	1.82	3.64	5.45	5.45	7.27	0.00	3.64	3.64	0.00	7.27	10.91	14.55	7.27	3.64	14.55	10.91	21.00	0.3750	-16.30	-0.2911	7.31	0.1305	2.80	0.0499	
4	75	18	13	17	27	30	45	6	3	1	8	4	1	4	3	1	4	5	7	7	5	6	9	24.00	17.33	22.67	36.00	40.00	60.00	8.11	4.05	1.35	10.81	5.41	1.35	5.41	4.05	1.35	5.41	6.76	9.46	9.46	6.76	8.11	12.16	26.00	0.3467	-16.10	-0.2147	19.24	0.2565	6.68	0.0890	
5	67	11	17	21	18	38	29	1	2	3	5	4	1	9	3	3	6	4	7	3	7	5	3	16.42	25.37	31.34	26.87	56.72	43.28	1.52	3.03	4.55	7.58	6.06	1.52	13.64	4.55	4.55	9.09	6.06	10.61	4.55	10.61	7.58	4.55	24.00	0.3582	-31.30	-0.4672	4.06	0.0606	1.79	0.0267	
6	66	9	21	19	17	40	26	0	5	3	1	5	4	8	4	4	3	4	7	0	8	4	5	13.64	31.82	28.79	25.76	60.61	39.39	0.00	7.69	4.62	1.54	7.69	6.15	12.31	6.15	6.15	4.62	6.15	10.77	0.00	12.31	6.15	7.69	24.00	0.3636	-35.90	-0.5439	1.02	0.0155	0.41	0.0062	
7	79	16	21	24	18	45	34	6	4	3	3	3	4	9	5	3	9	6	6	4	4	5	4	20.25	26.58	30.38	22.78	56.96	43.04	7.69	5.13	3.85	3.85	3.85	5.13	11.54	6.41	3.85	11.54	7.69	7.69	5.13	5.13	6.41	5.13	26.00	0.3291	-26.60	-0.3367	8.33	0.1054	2.75	0.0348	
8	69	16	17	14	22	31	38	6	5	2	3	2	3	6	5	2	4	3	5	6	5	2	9	23.19	24.64	20.29	31.88	44.93	55.07	8.82	7.35	2.94	4.41	2.94	4.41	8.82	7.35	2.94	5.88	4.41	7.35	8.82	7.35	2.94	13.24	24.00	0.3478	-22.60	-0.3275	15.01	0.2176	7.12	0.1032	
9	69	14	18	19	18	37	32	5	3	3	3	3	5	6	4	4	4	4	6	2	5	6	5	20.29	26.09	27.54	26.09	53.62	46.38	7.35	4.41	4.41	4.41	4.41	7.35	8.82	5.88	5.88	5.88	5.88	8.82	2.94	7.35	8.82	7.35	26.00	0.3768	-41.20	-0.5971	1.63	0.0236	0.44	0.0063	
10	68	14	16	20	18	36	32	4	2	6	2	2	3	3	7	6	6	5	3	2	5	5	6	20.59	23.53	29.41	26.47	52.94	47.06	5.97	2.99	8.96	2.99	2.99	4.48	4.48	10.45	8.96	8.96	7.46	4.48	2.99	7.46	7.46	8.96	25.00	0.3676	-33.60	-0.4941	3.49	0.0513	1.69	0.0249	
11	68	17	15	17	19	32	36	5	2	5	5	4	3	3	5	4	6	4	3	4	4	4	6	25.00	22.06	25.00	27.94	47.06	52.94	7.46	2.99	7.46	7.46	5.97	4.48	4.48	7.46	5.97	8.96	5.97	4.48	5.97	5.97	5.97	8.96	22.00	0.3235	-15.60	-0.2294	17.46	0.2567	7.13	0.1049	
12	66	17	19	21	9	40	26	6	4	7	0	2	6	6	4	6	7	5	3	3	2	2	2	25.76	28.79	31.82	13.64	60.61	39.39	9.23	6.15	10.77	0.00	3.08	9.23	9.23	6.15	9.23	10.77	7.69	4.62	4.62	3.08	3.08	3.08	24.00	0.3636	-34.10	-0.5167	1.28	0.0194	0.65	0.0098	
13	70	16	18	18	18	36	34	3	2	4	7	7	4	5	1	4	5	5	4	2	7	3	6	22.86	25.71	25.71	25.71	51.43	48.57	4.35	2.90	5.80	10.14	10.14	5.80	7.25	1.45	5.80	7.25	7.25	5.80	2.90	10.14	4.35	8.70	24.00	0.3429	-17.90	-0.2557	6.36	0.0908	2.61	0.0373	
14	79	17	12	16	34	28	51	3	4	2	7	2	2	3	5	5	3	3	5	7	3	8	16	21.52	15.19	20.25	43.04	35.44	64.56	3.85	5.13	2.56	8.97	2.56	2.56	3.85	6.41	6.41	3.85	3.85	6.41	8.97	3.85	10.26	20.51	26.00	0.3291	-14.70	-0.1861	9.50	0.1203	3.56	0.0451	
15	65	15	13	22	15	35	30	2	1	4	8	5	1	5	2	3	8	6	4	5	2	7	1	23.08	20.00	33.85	23.08	53.85	46.15	3.12	1.56	6.25	12.50	7.81	1.56	7.81	3.12	4.69	12.50	9.38	6.25	7.81	3.12	10.94	1.56	26.00	0.4000	-29.50	-0.4538	8.82	0.1357	3.45	0.0531	
16	67	16	15	20	16	35	32	5	7	1	3	4	3	7	1	4	2	7	6	3	2	5	6	23.88	22.39	29.85	23.88	52.24	47.76	7.58	10.61	1.52	4.55	6.06	4.55	10.61	1.52	6.06	3.03	10.61	9.09	4.55	3.03	7.58	9.09	24.00	0.3582	-26.10	-0.3896	6.35	0.0948	2.40	0.0359	
17	62	12	20	20	10	40	22	3	5	3	1	3	5	9	2	6	5	5	4	0	5	2	3	19.35	32.26	32.26	16.13	64.52	35.48	4.92	8.20	4.92	1.64	4.92	8.20	14.75	3.28	9.84	8.20	8.20	6.56	0.00	8.20	3.28	4.92	25.00	0.4032	-35.10	-0.5661	3.41	0.0550	1.52	0.0245	
18	63	11	17	18	17	35	28	3	2	1	4	4	8	2	3	3	2	10	3	1	5	5	6	17.46	26.98	28.57	26.98	55.56	44.44	4.84	3.23	1.61	6.45	6.45	12.90	3.23	4.84	4.84	3.23	16.13	4.84	1.61	8.06	8.06	9.68	25.00	0.3968	-34.40	-0.5460	3.50	0.0556	1.41	0.0224	
19	51	9	4	22	16	26	25	2	0	3	4	0	1	2	1	6	2	10	4	1	1	6	7	17.65	7.84	43.14	31.37	50.98	49.02	4.00	0.00	6.00	8.00	0.00	2.00	4.00	2.00	12.00	4.00	20.00	8.00	2.00	2.00	12.00	14.00	17.00	0.3333	-12.90	-0.2529	6.51	0.1277	2.37	0.0465	
20	65	18	18	16	13	34	31	7	3	4	3	4	6	5	3	3	6	3	4	4	3	4	2	27.69	27.69	24.62	20.00	52.31	47.69	10.94	4.69	6.25	4.69	6.25	9.38	7.81	4.69	4.69	9.38	4.69	6.25	6.25	4.69	6.25	3.12	21.00	0.3231	-22.10	-0.3400	6.18	0.0951	2.38	0.0366	
21	70	21	17	14	18	31	39	6	5	2	7	7	4	1	5	3	3	5	3	5	5	6	2	30.00	24.29	20.00	25.71	44.29	55.71	8.70	7.25	2.90	10.14	10.14	5.80	1.45	7.25	4.35	4.35	7.25	4.35	7.25	7.25	8.70	2.90	24.00	0.3429	-24.80	-0.3543	6.54	0.0934	2.60	0.0372	
22	66	17	20	19	10	39	27	4	5	5	2	7	6	5	2	3	7	5	4	3	2	4	1	25.76	30.30	28.79	15.15	59.09	40.91	6.15	7.69	7.69	3.08	10.77	9.23	7.69	3.08	4.62	10.77	7.69	6.15	4.62	3.08	6.15	1.54	23.00	0.3485	-34.20	-0.5182	2.15	0.0325	0.76	0.0115	
23	70	9	22	23	16	45	25	1	4	3	1	3	4	8	6	4	7	4	8	1	7	7	1	12.86	31.43	32.86	22.86	64.29	35.71	1.45	5.80	4.35	1.45	4.35	5.80	11.59	8.70	5.80	10.14	5.80	11.59	1.45	10.14	10.14	1.45	27.00	0.3857	-34.90	-0.4986	11.21	0.1602	4.51	0.0644	
24	67	18	14	13	22	27	40	4	3	2	9	3	3	4	3	3	4	3	3	8	4	3	7	26.87	20.90	19.40	32.84	40.30	59.70	6.06	4.55	3.03	13.64	4.55	4.55	6.06	4.55	4.55	6.06	4.55	4.55	12.12	6.06	4.55	10.61	26.00	0.3881	-36.00	-0.5373	2.00	0.0299	0.95	0.0142	
25	66	16	19	15	16	34	32	4	4	4	3	4	9	2	4	5	3	4	3	3	3	5	5	24.24	28.79	22.73	24.24	51.52	48.48	6.15	6.15	6.15	4.62	6.15	13.85	3.08	6.15	7.69	4.62	6.15	4.62	4.62	4.62	7.69	7.69	22.00	0.3333	-26.50	-0.4015	3.54	0.0536	1.31	0.0198	
26	65	19	11	13	22	24	41	7	1	5	6	4	2	1	4	4	5	1	2	4	2	6	10	29.23	16.92	20.00	33.85	36.92	63.08	10.94	1.56	7.81	9.38	6.25	3.12	1.56	6.25	6.25	7.81	1.56	3.12	6.25	3.12	9.38	15.62	25.00	0.3846	-26.80	-0.4123	2.17	0.0333	0.84	0.0129	
27	65	18	14	15	18	29	36	8	5	3	2	5	0	5	4	1	5	3	6	4	4	4	5	27.69	21.54	23.08	27.69	44.62	55.38	12.50	7.81	4.69	3.12	7.81	0.00	7.81	6.25	1.56	7.81	4.69	9.38	6.25	6.25	6.25	7.81	22.00	0.3385	-22.80	-0.3508	7.44	0.1144	2.88	0.0444	
28	70	14	18	21	17	39	31	2	4	4	4	4	5	4	5	3	4	6	7	5	5	6	1	20.00	25.71	30.00	24.29	55.71	44.29	2.90	5.80	5.80	5.80	5.80	7.25	5.80	7.25	4.35	5.80	8.70	10.14	7.25	7.25	8.70	1.45	25.00	0.3571	-30.70	-0.4386	7.52	0.1075	3.02	0.0431	
29	62	16	12	14	20	26	36	6	1	3	5	3	3	3	3	4	5	2	3	2	3	6	9	25.81	19.35	22.58	32.26	41.94	58.06	9.84	1.64	4.92	8.20	4.92	4.92	4.92	4.92	6.56	8.20	3.28	4.92	3.28	4.92	9.84	14.75	21.00	0.3387	-26.00	-0.4194	1.26	0.0204	0.47	0.0076	
30	79	17	18	23	21	41	38	4	5	7	1	6	6	2	4	2	3	5	12	5	3	9	4	21.52	22.78	29.11	26.58	51.90	48.10	5.13	6.41	8.97	1.28	7.69	7.69	2.56	5.13	2.56	3.85	6.41	15.38	6.41	3.85	11.54	5.13	30.00	0.3797	-40.20	-0.5089	2.88	0.0365	0.99	0.0126	
31	76	16	17	24	19	41	35	3	5	5	3	7	4	1	5	2	6	7	8	4	2	11	2	21.05	22.37	31.58	25.00	53.95	46.05	4.00	6.67	6.67	4.00	9.33	5.33	1.33	6.67	2.67	8.00	9.33	10.67	5.33	2.67	14.67	2.67	30.00	0.3947	-39.10	-0.5145	5.02	0.0661	2.34	0.0308	
32	89	20	24	26	19	50	39	7	5	4	4	5	6	6	7	4	8	7	7	4	5	8	1	22.47	26.97	29.21	21.35	56.18	43.82	7.95	5.68	4.55	4.55	5.68	6.82	6.82	7.95	4.55	9.09	7.95	7.95	4.55	5.68	9.09	1.14	33.00	0.3708	-38.40	-0.4315	7.36	0.0827	3.27	0.0367	
33	92	22	19	23	28	42	50	7	5	6	3	4	7	2	6	5	3	9	6	6	4	6	12	23.91	20.65	25.00	30.43	45.65	54.35	7.69	5.49	6.59	3.30	4.40	7.69	2.20	6.59	5.49	3.30	9.89	6.59	6.59	4.40	6.59	13.19	33.00	0.3587	-42.70	-0.4641	8.89	0.0967	3.61	0.0392	
34	86	26	21	18	21	39	47	9	5	5	6	8	6	1	6	6	2	4	6	3	8	8	2	30.23	24.42	20.93	24.42	45.35	54.65	10.59	5.88	5.88	7.06	9.41	7.06	1.18	7.06	7.06	2.35	4.71	7.06	3.53	9.41	9.41	2.35	33.00	0.3837	-38.40	-0.4465	5.69	0.0662	2.20	0.0255	
35	82	21	14	21	26	35	47	3	7	5	5	5	1	2	6	6	1	6	8	7	5	8	6	25.61	17.07	25.61	31.71	42.68	57.32	3.70	8.64	6.17	6.17	6.17	1.23	2.47	7.41	7.41	1.23	7.41	9.88	8.64	6.17	9.88	7.41	32.00	0.3902	-30.00	-0.3659	8.10	0.0988	3.57	0.0436	
36	87	21	18	21	27	39	48	6	8	3	4	5	4	1	8	5	2	5	8	5	3	12	7	24.14	20.69	24.14	31.03	44.83	55.17	6.98	9.30	3.49	4.65	5.81	4.65	1.16	9.30	5.81	2.33	5.81	9.30	5.81	3.49	13.95	8.14	29.00	0.3333	-32.40	-0.3724	3.50	0.0403	1.25	0.0144	
37	90	16	20	24	30	44	46	1	5	4	6	7	6	1	6	3	3	8	9	5	5	11	9	17.78	22.22	26.67	33.33	48.89	51.11	1.12	5.62	4.49	6.74	7.87	6.74	1.12	6.74	3.37	3.37	8.99	10.11	5.62	5.62	12.36	10.11	34.00	0.3778	-49.50	-0.5500	3.46	0.0385	1.54	0.0171	
38	86	14	21	28	23	49	37	1	5	8	0	8	3	2	7	2	11	6	9	3	2	11	7	16.28	24.42	32.56	26.74	56.98	43.02	1.18	5.88	9.41	0.00	9.41	3.53	2.35	8.24	2.35	12.94	7.06	10.59	3.53	2.35	12.94	8.24	35.00	0.4070	-42.70	-0.4965	7.28	0.0846	3.02	0.0352	
39	83	14	22	24	23	46	37	2	8	2	2	6	8	3	5	4	2	8	9	2	3	11	7	16.87	26.51	28.92	27.71	55.42	44.58	2.44	9.76	2.44	2.44	7.32	9.76	3.66	6.10	4.88	2.44	9.76	10.98	2.44	3.66	13.41	8.54	29.00	0.3494	-38.10	-0.4590	7.94	0.0956	2.96	0.0357	
40	86	15	20	27	24	47	39	2	7	3	3	3	3	7	7	6	6	8	6	4	4	9	7	17.44	23.26	31.40	27.91	54.65	45.35	2.35	8.24	3.53	3.53	3.53	3.53	8.24	8.24	7.06	7.06	9.41	7.06	4.71	4.71	10.59	8.24	30.00	0.3488	-30.10	-0.3500	9.21	0.1071	4.20	0.0488	
41	85	21	19	25	20	44	41	5	5	4	7	3	5	6	5	4	7	8	5	9	1	7	3	24.71	22.35	29.41	23.53	51.76	48.24	5.95	5.95	4.76	8.33	3.57	5.95	7.14	5.95	4.76	8.33	9.52	5.95	10.71	1.19	8.33	3.57	31.00	0.3647	-36.30	-0.4271	5.09	0.0599	1.82	0.0214	
42	78	19	16	21	22	37	41	4	6	6	2	6	5	1	4	7	2	5	7	2	3	9	8	24.36	20.51	26.92	28.21	47.44	52.56	5.19	7.79	7.79	2.60	7.79	6.49	1.30	5.19	9.09	2.60	6.49	9.09	2.60	3.90	11.69	10.39	29.00	0.3718	-29.80	-0.3821	5.58	0.0715	2.28	0.0293	
43	99	27	22	19	31	41	58	6	6	6	9	8	8	0	6	5	2	5	7	7	6	8	9	27.27	22.22	19.19	31.31	41.41	58.59	6.12	6.12	6.12	9.18	8.16	8.16	0.00	6.12	5.10	2.04	5.10	7.14	7.14	6.12	8.16	9.18	33.00	0.3333	-34.20	-0.3455	8.73	0.0881	3.27	0.0330	
44	102	23	25	31	23	56	46	3	6	10	4	7	10	2	5	5	7	10	9	8	2	8	5	22.55	24.51	30.39	22.55	54.90	45.10	2.97	5.94	9.90	3.96	6.93	9.90	1.98	4.95	4.95	6.93	9.90	8.91	7.92	1.98	7.92	4.95	36.00	0.3529	-48.60	-0.4765	7.02	0.0688	2.61	0.0256	
45	119	23	27	32	37	59	60	7	5	6	4	4	6	8	9	6	7	6	13	6	9	12	10	19.33	22.69	26.89	31.09	49.58	50.42	5.93	4.24	5.08	3.39	3.39	5.08	6.78	7.63	5.08	5.93	5.08	11.02	5.08	7.63	10.17	8.47	44.00	0.3697	-43.10	-0.3622	5.67	0.0477	2.38	0.0200	
46	93	22	20	22	29	42	51	8	5	2	7	6	6	2	5	4	5	7	6	4	4	10	11	23.66	21.51	23.66	31.18	45.16	54.84	8.70	5.43	2.17	7.61	6.52	6.52	2.17	5.43	4.35	5.43	7.61	6.52	4.35	4.35	10.87	11.96	34.00	0.3656	-41.00	-0.4409	3.91	0.0421	1.62	0.0174	
47	99	21	25	24	29	49	50	2	5	6	7	10	7	3	5	2	9	7	6	7	4	8	10	21.21	25.25	24.24	29.29	49.49	50.51	2.04	5.10	6.12	7.14	10.20	7.14	3.06	5.10	2.04	9.18	7.14	6.12	7.14	4.08	8.16	10.20	34.00	0.3434	-40.10	-0.4051	6.45	0.0652	2.35	0.0237	
48	76	16	17	22	21	39	37	3	6	5	2	5	4	2	5	2	4	7	9	6	3	7	5	21.05	22.37	28.95	27.63	51.32	48.68	4.00	8.00	6.67	2.67	6.67	5.33	2.67	6.67	2.67	5.33	9.33	12.00	8.00	4.00	9.33	6.67	28.00	0.3684	-40.60	-0.5342	2.91	0.0382	1.03	0.0135	
49	71	18	16	19	18	35	36	3	7	7	1	6	4	1	4	4	1	4	10	5	4	6	3	25.35	22.54	26.76	25.35	49.30	50.70	4.29	10.00	10.00	1.43	8.57	5.71	1.43	5.71	5.71	1.43	5.71	14.29	7.14	5.71	8.57	4.29	29.00	0.4085	-34.20	-0.4817	2.16	0.0304	0.99	0.0139	
50	109	23	37	35	14	72	37	4	9	8	2	10	8	14	4	8	13	8	6	1	7	4	2	21.10	33.94	32.11	12.84	66.06	33.94	3.70	8.33	7.41	1.85	9.26	7.41	12.96	3.70	7.41	12.04	7.41	5.56	0.93	6.48	3.70	1.85	39.00	0.3578	-40.40	-0.3706	29.11	0.2670	9.65	0.0885	
51	89	15	29	35	10	64	25	0	6	6	3	4	6	14	4	8	16	9	2	3	1	5	1	16.85	32.58	39.33	11.24	71.91	28.09	0.00	6.82	6.82	3.41	4.55	6.82	15.91	4.55	9.09	18.18	10.23	2.27	3.41	1.14	5.68	1.14	32.00	0.3596	-50.70	-0.5697	4.69	0.0526	2.12	0.0239	
52	68	12	24	25	7	49	19	2	7	0	3	6	3	11	3	4	14	6	1	0	0	7	0	17.65	35.29	36.76	10.29	72.06	27.94	2.99	10.45	0.00	4.48	8.96	4.48	16.42	4.48	5.97	20.90	8.96	1.49	0.00	0.00	10.45	0.00	24.00	0.3529	-29.60	-0.4353	4.28	0.0630	1.33	0.0196	
53	75	11	26	30	8	56	19	1	5	4	1	3	5	15	2	6	13	7	4	1	3	3	1	14.67	34.67	40.00	10.67	74.67	25.33	1.35	6.76	5.41	1.35	4.05	6.76	20.27	2.70	8.11	17.57	9.46	5.41	1.35	4.05	4.05	1.35	28.00	0.3733	-38.70	-0.5160	19.15	0.2553	8.08	0.1077	
54	79	14	22	29	14	51	28	1	5	7	0	3	3	9	7	10	3	11	5	0	11	2	1	17.72	27.85	36.71	17.72	64.56	35.44	1.28	6.41	8.97	0.00	3.85	3.85	11.54	8.97	12.82	3.85	14.10	6.41	0.00	14.10	2.56	1.28	27.00	0.3418	-40.00	-0.5063	8.23	0.1041	2.89	0.0366	
55	83	8	32	36	7	68	15	2	3	3	0	2	10	17	3	4	14	13	4	0	4	3	0	9.64	38.55	43.37	8.43	81.93	18.07	2.44	3.66	3.66	0.00	2.44	12.20	20.73	3.66	4.88	17.07	15.85	4.88	0.00	4.88	3.66	0.00	33.00	0.3976	-62.60	-0.7542	8.55	0.1030	3.86	0.0465	
56	83	7	36	32	8	68	15	0	4	3	0	3	13	17	3	4	14	10	3	0	4	2	2	8.43	43.37	38.55	9.64	81.93	18.07	0.00	4.88	3.66	0.00	3.66	15.85	20.73	3.66	4.88	17.07	12.20	3.66	0.00	4.88	2.44	2.44	33.00	0.3976	-61.60	-0.7422	6.79	0.0818	2.44	0.0294	
57	67	16	17	21	13	38	29	7	0	3	6	3	6	7	1	3	8	8	1	3	2	3	5	23.88	25.37	31.34	19.40	56.72	43.28	10.61	0.00	4.55	9.09	4.55	9.09	10.61	1.52	4.55	12.12	12.12	1.52	4.55	3.03	4.55	7.58	23.00	0.3433	-32.70	-0.4881	7.79	0.1162	3.33	0.0496	
58	72	18	19	17	18	36	36	4	2	5	7	4	7	4	3	3	7	4	3	7	3	3	5	25.00	26.39	23.61	25.00	50.00	50.00	5.63	2.82	7.04	9.86	5.63	9.86	5.63	4.23	4.23	9.86	5.63	4.23	9.86	4.23	4.23	7.04	24.00	0.3333	-25.90	-0.3597	6.95	0.0966	2.38	0.0330	
59	70	6	24	29	11	53	17	0	4	1	1	1	7	10	5	5	11	10	3	0	2	7	2	8.57	34.29	41.43	15.71	75.71	24.29	0.00	5.80	1.45	1.45	1.45	10.14	14.49	7.25	7.25	15.94	14.49	4.35	0.00	2.90	10.14	2.90	24.00	0.3429	-31.60	-0.4514	7.01	0.1002	2.23	0.0318	
60	63	18	12	12	21	24	39	5	3	5	5	3	0	3	6	6	0	2	4	4	8	2	6	28.57	19.05	19.05	33.33	38.10	61.90	8.06	4.84	8.06	8.06	4.84	0.00	4.84	9.68	9.68	0.00	3.23	6.45	6.45	12.90	3.23	9.68	24.00	0.3810	-24.00	-0.3810	5.34	0.0848	2.12	0.0337	
61	71	16	14	21	20	35	36	4	6	4	2	1	2	7	4	8	1	6	6	3	5	3	8	22.54	19.72	29.58	28.17	49.30	50.70	5.71	8.57	5.71	2.86	1.43	2.86	10.00	5.71	11.43	1.43	8.57	8.57	4.29	7.14	4.29	11.43	24.00	0.3380	-25.20	-0.3549	10.31	0.1452	4.14	0.0583	
62	65	13	20	21	11	41	24	4	5	3	1	2	1	10	6	5	9	5	2	1	5	3	2	20.00	30.77	32.31	16.92	63.08	36.92	6.25	7.81	4.69	1.56	3.12	1.56	15.62	9.38	7.81	14.06	7.81	3.12	1.56	7.81	4.69	3.12	22.00	0.3385	-31.80	-0.4892	4.33	0.0666	1.37	0.0211	
63	66	14	20	16	16	36	30	2	6	2	4	4	3	7	5	3	7	1	5	5	4	5	2	21.21	30.30	24.24	24.24	54.55	45.45	3.08	9.23	3.08	6.15	6.15	4.62	10.77	7.69	4.62	10.77	1.54	7.69	7.69	6.15	7.69	3.08	23.00	0.3485	-28.70	-0.4348	11.33	0.1717	4.88	0.0739	
64	74	17	28	20	9	48	26	3	8	4	2	7	12	7	2	4	5	7	3	3	2	2	2	22.97	37.84	27.03	12.16	64.86	35.14	4.11	10.96	5.48	2.74	9.59	16.44	9.59	2.74	5.48	6.85	9.59	4.11	4.11	2.74	2.74	2.74	23.00	0.3108	-30.70	-0.4149	13.40	0.1810	5.44	0.0735	
65	68	13	27	19	9	46	22	1	7	4	1	6	10	8	2	4	5	6	4	2	4	1	2	19.12	39.71	27.94	13.24	67.65	32.35	1.49	10.45	5.97	1.49	8.96	14.93	11.94	2.99	5.97	7.46	8.96	5.97	2.99	5.97	1.49	2.99	24.00	0.3529	-36.30	-0.5338	5.90	0.0867	2.54	0.0373	
66	66	9	19	26	12	45	21	2	4	2	1	1	6	8	4	4	5	10	6	2	3	6	1	13.64	28.79	39.39	18.18	68.18	31.82	3.08	6.15	3.08	1.54	1.54	9.23	12.31	6.15	6.15	7.69	15.38	9.23	3.08	4.62	9.23	1.54	23.00	0.3485	-36.90	-0.5591	10.40	0.1575	3.73	0.0564	
67	73	9	20	27	17	47	26	2	3	2	2	2	7	7	4	2	5	11	8	3	4	7	3	12.33	27.40	36.99	23.29	64.38	35.62	2.78	4.17	2.78	2.78	2.78	9.72	9.72	5.56	2.78	6.94	15.28	11.11	4.17	5.56	9.72	4.17	29.00	0.3973	-38.20	-0.5233	12.65	0.1733	5.18	0.0709	
68	66	13	20	19	14	39	27	3	3	5	2	1	5	10	4	7	5	3	4	1	7	1	4	19.70	30.30	28.79	21.21	59.09	40.91	4.62	4.62	7.69	3.08	1.54	7.69	15.38	6.15	10.77	7.69	4.62	6.15	1.54	10.77	1.54	6.15	28.00	0.4242	-40.60	-0.6152	0.81	0.0122	0.47	0.0071	
69	67	8	21	24	14	45	22	0	1	4	3	3	4	10	4	3	8	6	6	2	7	4	1	11.94	31.34	35.82	20.90	67.16	32.84	0.00	1.52	6.06	4.55	4.55	6.06	15.15	6.06	4.55	12.12	9.09	9.09	3.03	10.61	6.06	1.52	24.00	0.3582	-28.20	-0.4209	15.56	0.2322	5.98	0.0892	
70	65	12	18	19	16	37	28	3	2	6	1	4	4	5	5	3	7	3	5	2	4	5	5	18.46	27.69	29.23	24.62	56.92	43.08	4.69	3.12	9.38	1.56	6.25	6.25	7.81	7.81	4.69	10.94	4.69	7.81	3.12	6.25	7.81	7.81	25.00	0.3846	-36.60	-0.5631	3.81	0.0587	1.59	0.0245	
71	62	14	21	16	11	37	25	4	2	6	1	3	8	5	5	5	5	3	3	2	6	2	1	22.58	33.87	25.81	17.74	59.68	40.32	6.56	3.28	9.84	1.64	4.92	13.11	8.20	8.20	8.20	8.20	4.92	4.92	3.28	9.84	3.28	1.64	19.00	0.3065	-20.80	-0.3355	7.41	0.1195	3.02	0.0487	
72	64	7	23	28	6	51	13	0	1	6	0	5	5	11	2	2	13	9	3	0	3	2	1	10.94	35.94	43.75	9.38	79.69	20.31	0.00	1.59	9.52	0.00	7.94	7.94	17.46	3.17	3.17	20.63	14.29	4.76	0.00	4.76	3.17	1.59	22.00	0.3438	-37.50	-0.5859	7.97	0.1245	2.79	0.0435	
73	71	12	20	23	16	43	28	1	3	3	5	2	6	10	2	7	5	6	5	1	6	4	4	16.90	28.17	32.39	22.54	60.56	39.44	1.43	4.29	4.29	7.14	2.86	8.57	14.29	2.86	10.00	7.14	8.57	7.14	1.43	8.57	5.71	5.71	27.00	0.3803	-41.00	-0.5775	8.21	0.1157	3.25	0.0457	
74	64	10	16	21	17	37	27	1	4	1	3	3	1	10	2	4	6	5	6	1	5	5	6	15.62	25.00	32.81	26.56	57.81	42.19	1.59	6.35	1.59	4.76	4.76	1.59	15.87	3.17	6.35	9.52	7.94	9.52	1.59	7.94	7.94	9.52	20.00	0.3125	-24.00	-0.3750	7.47	0.1167	3.01	0.0470	
75	65	8	24	20	13	44	21	0	5	3	0	2	4	13	5	5	4	2	8	1	10	2	0	12.31	36.92	30.77	20.00	67.69	32.31	0.00	7.81	4.69	0.00	3.12	6.25	20.31	7.81	7.81	6.25	3.12	12.50	1.56	15.62	3.12	0.00	25.00	0.3846	-37.30	-0.5738	4.50	0.0692	1.82	0.0280	
76	105	17	30	32	26	62	43	4	7	4	2	3	6	16	5	5	7	6	13	5	9	6	6	16.19	28.57	30.48	24.76	59.05	40.95	3.85	6.73	3.85	1.92	2.88	5.77	15.38	4.81	4.81	6.73	5.77	12.50	4.81	8.65	5.77	5.77	37.00	0.3524	-43.90	-0.4181	12.71	0.1210	4.80	0.0457	
77	86	17	27	30	12	57	29	0	10	6	1	3	2	17	4	13	6	4	7	1	9	2	0	19.77	31.40	34.88	13.95	66.28	33.72	0.00	11.76	7.06	1.18	3.53	2.35	20.00	4.71	15.29	7.06	4.71	8.24	1.18	10.59	2.35	0.00	33.00	0.3837	-47.40	-0.5512	8.28	0.0963	3.53	0.0410	
78	85	17	24	25	19	49	36	5	4	6	2	3	9	3	8	5	6	10	4	4	5	5	5	20.00	28.24	29.41	22.35	57.65	42.35	5.95	4.76	7.14	2.38	3.57	10.71	3.57	9.52	5.95	7.14	11.90	4.76	4.76	5.95	5.95	5.95	33.00	0.3882	-37.70	-0.4435	12.58	0.1480	5.21	0.0613	
79	79	18	18	18	25	36	43	5	3	4	6	4	6	2	5	5	5	5	3	4	4	6	11	22.78	22.78	22.78	31.65	45.57	54.43	6.41	3.85	5.13	7.69	5.13	7.69	2.56	6.41	6.41	6.41	6.41	3.85	5.13	5.13	7.69	14.10	28.00	0.3544	-33.60	-0.4253	2.43	0.0308	0.89	0.0113	
80	91	7	29	35	20	64	27	0	5	1	1	1	7	11	10	4	8	15	7	2	8	8	2	7.69	31.87	38.46	21.98	70.33	29.67	0.00	5.56	1.11	1.11	1.11	7.78	12.22	11.11	4.44	8.89	16.67	7.78	2.22	8.89	8.89	2.22	32.00	0.3516	-53.30	-0.5857	12.81	0.1408	4.82	0.0530	
81	98	20	24	27	27	51	47	4	8	5	3	5	7	2	9	6	4	9	8	5	5	10	7	20.41	24.49	27.55	27.55	52.04	47.96	4.12	8.25	5.15	3.09	5.15	7.22	2.06	9.28	6.19	4.12	9.28	8.25	5.15	5.15	10.31	7.22	29.00	0.2959	-39.90	-0.4071	17.25	0.1760	6.37	0.0650	
82	77	13	19	26	19	45	32	1	5	5	2	5	4	4	6	3	6	9	7	4	3	8	4	16.88	24.68	33.77	24.68	58.44	41.56	1.32	6.58	6.58	2.63	6.58	5.26	5.26	7.89	3.95	7.89	11.84	9.21	5.26	3.95	10.53	5.26	30.00	0.3896	-38.50	-0.5000	8.17	0.1060	3.05	0.0397	
83	78	15	19	22	22	41	37	1	5	5	4	5	7	2	5	3	3	7	8	6	3	8	5	19.23	24.36	28.21	28.21	52.56	47.44	1.30	6.49	6.49	5.19	6.49	9.09	2.60	6.49	3.90	3.90	9.09	10.39	7.79	3.90	10.39	6.49	29.00	0.3718	-41.10	-0.5269	3.72	0.0477	1.41	0.0181	
84	85	18	22	23	22	45	40	4	5	7	2	6	5	4	7	4	4	6	8	4	7	6	5	21.18	25.88	27.06	25.88	52.94	47.06	4.76	5.95	8.33	2.38	7.14	5.95	4.76	8.33	4.76	4.76	7.14	9.52	4.76	8.33	7.14	5.95	32.00	0.3765	-34.30	-0.4035	9.05	0.1064	3.24	0.0381	
85	89	19	22	26	22	48	41	3	5	6	4	6	7	5	4	5	8	5	8	5	2	10	5	21.35	24.72	29.21	24.72	53.93	46.07	3.41	5.68	6.82	4.55	6.82	7.95	5.68	4.55	5.68	9.09	5.68	9.09	5.68	2.27	11.36	5.68	34.00	0.3820	-43.00	-0.4831	3.45	0.0388	1.57	0.0177	
86	87	14	29	27	17	56	31	2	3	6	3	4	14	4	6	5	9	10	3	3	3	6	5	16.09	33.33	31.03	19.54	64.37	35.63	2.33	3.49	6.98	3.49	4.65	16.28	4.65	6.98	5.81	10.47	11.63	3.49	3.49	3.49	6.98	5.81	34.00	0.3908	-50.40	-0.5793	8.53	0.0980	3.60	0.0414	
87	84	15	21	24	24	45	39	2	5	4	4	4	4	5	7	5	6	5	8	4	6	9	5	17.86	25.00	28.57	28.57	53.57	46.43	2.41	6.02	4.82	4.82	4.82	4.82	6.02	8.43	6.02	7.23	6.02	9.64	4.82	7.23	10.84	6.02	29.00	0.3452	-34.30	-0.4083	6.68	0.0795	2.44	0.0290	
88	80	14	19	26	21	45	35	3	4	3	4	2	5	6	6	4	5	10	7	5	5	6	4	17.50	23.75	32.50	26.25	56.25	43.75	3.80	5.06	3.80	5.06	2.53	6.33	7.59	7.59	5.06	6.33	12.66	8.86	6.33	6.33	7.59	5.06	34.00	0.4250	-53.90	-0.6738	4.58	0.0572	2.02	0.0253	
89	85	20	20	26	19	46	39	2	7	7	4	8	3	3	6	6	6	8	5	4	4	8	3	23.53	23.53	30.59	22.35	54.12	45.88	2.38	8.33	8.33	4.76	9.52	3.57	3.57	7.14	7.14	7.14	9.52	5.95	4.76	4.76	9.52	3.57	34.00	0.4000	-45.50	-0.5353	3.55	0.0418	1.61	0.0190	
90	82	18	20	25	19	45	37	4	4	4	6	7	6	3	4	4	4	10	6	3	5	8	3	21.95	24.39	30.49	23.17	54.88	45.12	4.94	4.94	4.94	7.41	8.64	7.41	3.70	4.94	4.94	4.94	12.35	7.41	3.70	6.17	9.88	3.70	33.00	0.4024	-43.70	-0.5329	4.61	0.0562	2.00	0.0244	
91	86	13	23	30	20	53	33	1	5	4	3	5	4	7	6	6	7	10	7	1	7	8	4	15.12	26.74	34.88	23.26	61.63	38.37	1.18	5.88	4.71	3.53	5.88	4.71	8.24	7.06	7.06	8.24	11.76	8.24	1.18	8.24	9.41	4.71	33.00	0.3837	-48.10	-0.5593	1.33	0.0154	0.39	0.0045	
92	96	16	21	34	25	55	41	1	5	8	2	3	8	5	5	7	4	11	11	5	4	10	6	16.67	21.88	35.42	26.04	57.29	42.71	1.05	5.26	8.42	2.11	3.16	8.42	5.26	5.26	7.37	4.21	11.58	11.58	5.26	4.21	10.53	6.32	30.00	0.3125	-43.50	-0.4531	10.39	0.1082	3.67	0.0382	
93	81	17	20	20	24	40	41	3	3	4	7	8	6	0	6	5	6	6	3	1	5	9	8	20.99	24.69	24.69	29.63	49.38	50.62	3.75	3.75	5.00	8.75	10.00	7.50	0.00	7.50	6.25	7.50	7.50	3.75	1.25	6.25	11.25	10.00	29.00	0.3580	-32.10	-0.3963	7.03	0.0868	2.80	0.0345	
94	96	15	27	30	24	57	39	1	6	5	3	6	7	6	8	6	7	9	7	2	6	10	6	15.62	28.12	31.25	25.00	59.38	40.62	1.05	6.32	5.26	3.16	6.32	7.37	6.32	8.42	6.32	7.37	9.47	7.37	2.11	6.32	10.53	6.32	33.00	0.3438	-48.90	-0.5094	1.99	0.0207	0.55	0.0057	
95	92	19	22	26	25	48	44	4	4	3	8	6	5	5	6	5	6	7	7	4	6	11	4	20.65	23.91	28.26	27.17	52.17	47.83	4.40	4.40	3.30	8.79	6.59	5.49	5.49	6.59	5.49	6.59	7.69	7.69	4.40	6.59	12.09	4.40	33.00	0.3587	-38.20	-0.4152	7.70	0.0837	3.19	0.0347	
96	85	17	17	23	28	40	45	3	3	4	7	5	7	2	3	4	3	10	6	4	4	7	12	20.00	20.00	27.06	32.94	47.06	52.94	3.57	3.57	4.76	8.33	5.95	8.33	2.38	3.57	4.76	3.57	11.90	7.14	4.76	4.76	8.33	14.29	31.00	0.3647	-38.90	-0.4576	10.55	0.1241	4.39	0.0516	
97	86	18	21	20	27	41	45	3	6	4	4	6	8	1	6	5	2	4	9	4	5	11	7	20.93	24.42	23.26	31.40	47.67	52.33	3.53	7.06	4.71	4.71	7.06	9.41	1.18	7.06	5.88	2.35	4.71	10.59	4.71	5.88	12.94	8.24	34.00	0.3953	-39.50	-0.4593	9.56	0.1111	3.84	0.0447	
98	99	23	19	27	30	46	53	8	6	7	2	5	7	0	6	4	3	8	12	6	3	11	10	23.23	19.19	27.27	30.30	46.46	53.54	8.16	6.12	7.14	2.04	5.10	7.14	0.00	6.12	4.08	3.06	8.16	12.24	6.12	3.06	11.22	10.20	39.00	0.3939	-42.70	-0.4313	5.69	0.0574	2.45	0.0247	
99	96	18	23	26	29	49	47	3	2	9	4	6	3	0	13	5	8	10	3	4	10	6	9	18.75	23.96	27.08	30.21	51.04	48.96	3.16	2.11	9.47	4.21	6.32	3.16	0.00	13.68	5.26	8.42	10.53	3.16	4.21	10.53	6.32	9.47	38.00	0.3958	-48.30	-0.5031	7.34	0.0764	3.13	0.0326	
100	100	20	17	24	39	41	59	3	3	3	11	4	4	5	4	4	2	10	8	8	8	6	16	20.00	17.00	24.00	39.00	41.00	59.00	3.03	3.03	3.03	11.11	4.04	4.04	5.05	4.04	4.04	2.02	10.10	8.08	8.08	8.08	6.06	16.16	38.00	0.3800	-42.30	-0.4230	7.57	0.0757	3.12	0.0312	
101	94	21	15	29	29	44	50	4	4	8	4	5	1	1	8	5	5	10	9	7	5	10	7	22.34	15.96	30.85	30.85	46.81	53.19	4.30	4.30	8.60	4.30	5.38	1.08	1.08	8.60	5.38	5.38	10.75	9.68	7.53	5.38	10.75	7.53	35.00	0.3723	-40.60	-0.4319	11.58	0.1231	4.28	0.0455	
102	89	19	21	23	26	44	45	3	4	6	6	5	7	4	5	7	4	5	6	4	5	8	9	21.35	23.60	25.84	29.21	49.44	50.56	3.41	4.55	6.82	6.82	5.68	7.95	4.55	5.68	7.95	4.55	5.68	6.82	4.55	5.68	9.09	10.23	34.00	0.3820	-35.60	-0.4000	6.33	0.0711	2.60	0.0292	
103	99	24	17	29	29	46	53	8	3	5	8	3	5	0	8	6	6	9	8	7	3	14	5	24.24	17.17	29.29	29.29	46.46	53.54	8.16	3.06	5.10	8.16	3.06	5.10	0.00	8.16	6.12	6.12	9.18	8.16	7.14	3.06	14.29	5.10	32.00	0.3232	-37.40	-0.3778	18.22	0.1840	6.81	0.0687	
104	72	11	21	22	18	43	29	1	3	4	3	4	4	7	6	3	8	7	3	3	5	4	6	15.28	29.17	30.56	25.00	59.72	40.28	1.41	4.23	5.63	4.23	5.63	5.63	9.86	8.45	4.23	11.27	9.86	4.23	4.23	7.04	5.63	8.45	26.00	0.3611	-33.40	-0.4639	4.14	0.0575	1.71	0.0238	
105	80	12	22	25	21	47	33	1	4	4	3	6	8	3	4	4	7	7	7	1	3	10	7	15.00	27.50	31.25	26.25	58.75	41.25	1.27	5.06	5.06	3.80	7.59	10.13	3.80	5.06	5.06	8.86	8.86	8.86	1.27	3.80	12.66	8.86	29.00	0.3625	-38.80	-0.4850	5.96	0.0745	2.40	0.0299	
106	91	17	16	28	30	44	47	4	1	7	5	2	4	3	7	7	5	8	8	4	6	9	10	18.68	17.58	30.77	32.97	48.35	51.65	4.44	1.11	7.78	5.56	2.22	4.44	3.33	7.78	7.78	5.56	8.89	8.89	4.44	6.67	10.00	11.11	36.00	0.3956	-37.10	-0.4077	12.58	0.1382	5.42	0.0595	
107	97	23	21	27	26	48	49	8	5	8	2	6	5	5	5	4	6	5	12	5	5	8	7	23.71	21.65	27.84	26.80	49.48	50.52	8.33	5.21	8.33	2.08	6.25	5.21	5.21	5.21	4.17	6.25	5.21	12.50	5.21	5.21	8.33	7.29	37.00	0.3814	-51.60	-0.5320	3.54	0.0365	1.45	0.0150	
108	99	17	20	31	31	51	48	4	3	7	3	5	5	7	3	7	4	7	12	1	7	10	13	17.17	20.20	31.31	31.31	51.52	48.48	4.08	3.06	7.14	3.06	5.10	5.10	7.14	3.06	7.14	4.08	7.14	12.24	1.02	7.14	10.20	13.27	39.00	0.3939	-43.50	-0.4394	7.43	0.0751	2.77	0.0279	
109	89	13	25	31	20	56	33	3	4	3	3	1	8	14	2	2	10	8	10	7	3	6	4	14.61	28.09	34.83	22.47	62.92	37.08	3.41	4.55	3.41	3.41	1.14	9.09	15.91	2.27	2.27	11.36	9.09	11.36	7.95	3.41	6.82	4.55	33.00	0.3708	-59.20	-0.6652	3.60	0.0405	1.26	0.0142	
110	78	18	17	20	23	37	41	4	6	5	2	2	2	5	8	2	7	3	8	10	2	7	4	23.08	21.79	25.64	29.49	47.44	52.56	5.19	7.79	6.49	2.60	2.60	2.60	6.49	10.39	2.60	9.09	3.90	10.39	12.99	2.60	9.09	5.19	29.00	0.3718	-37.70	-0.4833	1.86	0.0239	0.80	0.0102	
111	86	19	20	24	23	44	42	5	4	5	5	6	6	2	5	6	6	6	6	2	4	10	7	22.09	23.26	27.91	26.74	51.16	48.84	5.88	4.71	5.88	5.88	7.06	7.06	2.35	5.88	7.06	7.06	7.06	7.06	2.35	4.71	11.76	8.24	34.00	0.3953	-32.90	-0.3826	10.30	0.1198	4.81	0.0560	
112	95	24	26	22	23	48	47	7	4	7	6	7	7	3	8	3	10	4	5	7	4	8	4	25.26	27.37	23.16	24.21	50.53	49.47	7.45	4.26	7.45	6.38	7.45	7.45	3.19	8.51	3.19	10.64	4.26	5.32	7.45	4.26	8.51	4.26	27.00	0.2842	-31.80	-0.3347	3.76	0.0396	1.25	0.0132	
113	82	13	23	26	20	49	33	1	6	2	4	4	4	7	7	4	6	10	6	4	7	6	3	15.85	28.05	31.71	24.39	59.76	40.24	1.23	7.41	2.47	4.94	4.94	4.94	8.64	8.64	4.94	7.41	12.35	7.41	4.94	8.64	7.41	3.70	29.00	0.3537	-29.00	-0.3537	4.70	0.0573	1.96	0.0239	
114	82	6	33	31	12	64	18	2	2	1	1	1	13	12	7	3	11	12	4	0	7	5	0	7.32	40.24	37.80	14.63	78.05	21.95	2.47	2.47	1.23	1.23	1.23	16.05	14.81	8.64	3.70	13.58	14.81	4.94	0.00	8.64	6.17	0.00	29.00	0.3537	-44.70	-0.5451	15.74	0.1920	6.06	0.0739	
115	80	13	24	30	13	54	26	1	3	6	3	5	6	10	3	7	8	10	4	0	6	4	3	16.25	30.00	37.50	16.25	67.50	32.50	1.27	3.80	7.59	3.80	6.33	7.59	12.66	3.80	8.86	10.13	12.66	5.06	0.00	7.59	5.06	3.80	27.00	0.3375	-43.40	-0.5425	3.25	0.0406	1.12	0.0140	
116	77	13	29	26	9	55	22	0	9	4	0	8	7	9	4	4	9	10	3	1	4	2	2	16.88	37.66	33.77	11.69	71.43	28.57	0.00	11.84	5.26	0.00	10.53	9.21	11.84	5.26	5.26	11.84	13.16	3.95	1.32	5.26	2.63	2.63	24.00	0.3117	-34.00	-0.4416	11.83	0.1537	4.69	0.0609	
117	79	14	19	28	18	47	32	5	1	6	2	5	4	7	3	3	11	6	7	1	3	8	6	17.72	24.05	35.44	22.78	59.49	40.51	6.41	1.28	7.69	2.56	6.41	5.13	8.97	3.85	3.85	14.10	7.69	8.97	1.28	3.85	10.26	7.69	27.00	0.3418	-39.50	-0.5000	7.18	0.0909	2.18	0.0276	
118	80	12	21	29	18	50	30	0	2	3	7	5	9	5	2	7	4	12	6	0	5	9	3	15.00	26.25	36.25	22.50	62.50	37.50	0.00	2.53	3.80	8.86	6.33	11.39	6.33	2.53	8.86	5.06	15.19	7.59	0.00	6.33	11.39	3.80	31.00	0.3875	-45.00	-0.5625	8.15	0.1019	3.35	0.0419	
119	85	15	31	27	12	58	27	2	6	7	0	6	12	5	7	2	11	10	4	4	2	5	1	17.65	36.47	31.76	14.12	68.24	31.76	2.38	7.14	8.33	0.00	7.14	14.29	5.95	8.33	2.38	13.10	11.90	4.76	4.76	2.38	5.95	1.19	31.00	0.3647	-43.80	-0.5153	18.45	0.2171	7.16	0.0842	
120	107	12	41	34	20	75	32	2	6	0	4	5	17	10	8	4	8	17	5	1	10	7	2	11.21	38.32	31.78	18.69	70.09	29.91	1.89	5.66	0.00	3.77	4.72	16.04	9.43	7.55	3.77	7.55	16.04	4.72	0.94	9.43	6.60	1.89	39.00	0.3645	-50.90	-0.4757	13.42	0.1255	5.18	0.0484	
121	87	14	21	32	20	53	34	3	4	6	1	2	8	3	8	7	5	13	7	2	4	9	4	16.09	24.14	36.78	22.99	60.92	39.08	3.49	4.65	6.98	1.16	2.33	9.30	3.49	9.30	8.14	5.81	15.12	8.14	2.33	4.65	10.47	4.65	31.00	0.3563	-43.10	-0.4954	10.40	0.1196	3.99	0.0459	
122	80	11	31	25	13	56	24	1	2	4	3	5	10	9	7	5	11	7	2	0	8	4	1	13.75	38.75	31.25	16.25	70.00	30.00	1.27	2.53	5.06	3.80	6.33	12.66	11.39	8.86	6.33	13.92	8.86	2.53	0.00	10.13	5.06	1.27	29.00	0.3625	-40.10	-0.5012	13.38	0.1673	4.63	0.0579	
123	82	4	34	34	10	68	14	0	1	1	2	2	11	16	4	2	14	16	2	0	7	1	2	4.88	41.46	41.46	12.20	82.93	17.07	0.00	1.23	1.23	2.47	2.47	13.58	19.75	4.94	2.47	17.28	19.75	2.47	0.00	8.64	1.23	2.47	32.00	0.3902	-59.30	-0.7232	5.61	0.0684	2.08	0.0254	
124	82	4	34	34	10	68	14	0	1	1	2	2	11	16	4	2	14	16	2	0	7	1	2	4.88	41.46	41.46	12.20	82.93	17.07	0.00	1.23	1.23	2.47	2.47	13.58	19.75	4.94	2.47	17.28	19.75	2.47	0.00	8.64	1.23	2.47	32.00	0.3902	-59.30	-0.7232	5.61	0.0684	2.08	0.0254	
125	89	14	30	32	13	62	27	3	4	6	1	3	14	6	6	8	7	14	3	0	5	5	3	15.73	33.71	35.96	14.61	69.66	30.34	3.41	4.55	6.82	1.14	3.41	15.91	6.82	6.82	9.09	7.95	15.91	3.41	0.00	5.68	5.68	3.41	31.00	0.3483	-42.40	-0.4764	16.41	0.1844	5.78	0.0649	
126	89	14	30	32	13	62	27	3	4	6	1	3	14	6	6	8	7	14	3	0	5	5	3	15.73	33.71	35.96	14.61	69.66	30.34	3.41	4.55	6.82	1.14	3.41	15.91	6.82	6.82	9.09	7.95	15.91	3.41	0.00	5.68	5.68	3.41	31.00	0.3483	-42.40	-0.4764	16.41	0.1844	5.78	0.0649	
127	103	15	36	28	24	64	39	3	5	2	5	6	15	9	5	5	5	7	11	1	11	9	3	14.56	34.95	27.18	23.30	62.14	37.86	2.94	4.90	1.96	4.90	5.88	14.71	8.82	4.90	4.90	4.90	6.86	10.78	0.98	10.78	8.82	2.94	37.00	0.3592	-38.40	-0.3728	7.44	0.0722	3.13	0.0304	
